mu,sigma
3.4138758702430456,35.63114287558555
